﻿<?xml version="1.0" encoding="UTF-8"?>
<!DOCTYPE pedidos SYSTEM "file:/C:/Users/Campus%20FP/Desktop/Angel/LENGUAJE%20DE%20MARCAS/2do%20Trimestre/0.2%20HITOS/HITO%202/HITO%20T2%20-%20LM/Hito_Lenguaje_marcas_AngelGallegoFelipe.dtd">


<?xml-stylesheet type="text/xsl" href="file:/C:/Users/Campus%20FP/Desktop/Angel/LENGUAJE%20DE%20MARCAS/2do%20Trimestre/0.2%20HITOS/HITO%202/HITO%20T2%20-%20LM/pedido.xsl"?>
<pedidos>
  <años an="2021">
    <trimestre trim="2">
      <pedido>
        <nombre>Carlos</nombre>
        <apellidos>De Alda Garcia</apellidos>
        <telefono>666666666</telefono>
        <direccion>
          <calle>C/Campus</calle>
          <ciuddad>Getafe</ciuddad>
          <codigo_postal>28123</codigo_postal>
          <provincia>Madrid</provincia>
        </direccion>
        <correo>CarlosCampus@gmail.com</correo>
        <fecha_inclusion>01-01-2021</fecha_inclusion>
        <detalle_pedido>
          <numero_pedido>12</numero_pedido>
          <fecha_compra>02-04-2021</fecha_compra>
          <fecha_entrega>05-04-2021</fecha_entrega>
          <factura>12</factura>
        </detalle_pedido>
        <productos>
          <producto>
            <nombre>Vaper Mora</nombre>
            <referencia>VM201</referencia>
            <unidades>100</unidades>
            <precio>1000 Euros</precio>
          </producto>
        </productos>
      </pedido>
      <pedido>
        <nombre>Juan</nombre>
        <apellidos>Marciono Rodriguez</apellidos>
        <telefono>626002255</telefono>
        <direccion>
          <calle>Av. America</calle>
          <ciudad>Leganes</ciudad>
          <codigo_postal>28001</codigo_postal>
          <provincia>Madrid</provincia>
        </direccion>
        <correo>juanMarciano@gmail.com</correo>
        <fecha_inclusion>02-04-2021</fecha_inclusion>
        <detalle_pedido>
          <numero_pedido>13</numero_pedido>
          <fecha_compra>05-04-2021</fecha_compra>
          <fecha_entrega>07-04-2021</fecha_entrega>
          <factura>13</factura>
        </detalle_pedido>
        <productos>
          <producto>
            <nombre>Teclado inhalambrico Corsair</nombre>
            <referencia>TC741</referencia>
            <unidades>2</unidades>
            <precio>246.40 Euros</precio>
          </producto>
        </productos>
      </pedido>
      <pedido>
        <nombre>Sergio </nombre>
        <apellidos>García Boquerón</apellidos>
        <telefono>666111111 </telefono>
        <direccion>
          <calle>C/Trucha </calle>
          <ciudad>Getafe </ciudad>
          <codigo_postal>28111 </codigo_postal>
          <provincia>Madrid- </provincia>
        </direccion>
        <correo>Sergiocampus@gmail.es </correo>
        <fecha_inclusion>04-01-2021</fecha_inclusion>
        <detalle_pedido>
          <numero_pedido>14</numero_pedido>
          <fecha_compra>12-04-2021</fecha_compra>
          <fecha_entrega>13-04-01</fecha_entrega>
          <factura>14</factura>
        </detalle_pedido>
        <productos>
          <producto>
            <nombre>Telefono Iphone 13 Pro Max</nombre>
            <referencia>TI899</referencia>
            <unidades>1</unidades>
            <precio>1499.99 Euros</precio>
          </producto>
        </productos>
      </pedido>
      <pedido>
        <nombre>Eduardo </nombre>
        <apellidos>Ellanas Márquez</apellidos>
        <telefono>666222222 </telefono>
        <direccion>
          <calle>C/Liado-</calle>
          <ciudad>Griñon </ciudad>
          <codigo_postal>29567 </codigo_postal>
          <provincia>Toledo- </provincia>
        </direccion>
        <correo>Eduardocampus@gmail.es </correo>
        <fecha_inclusion>05-01-2021</fecha_inclusion>
        <detalle_pedido>
          <numero_pedido>15</numero_pedido>
          <fecha_compra>01-05-2021</fecha_compra>
          <fecha_entrega>04-05-2021</fecha_entrega>
          <factura>15</factura>
        </detalle_pedido>
        <productos>
          <producto>
            <nombre>Pitillera Smocking</nombre>
            <referencia>PW624</referencia>
            <unidades>3</unidades>
            <precio>45 Euros</precio>
          </producto>
        </productos>
      </pedido>
      <pedido>
        <nombre>Hector </nombre>
        <apellidos>Oliveti Cano</apellidos>
        <telefono>666333333 </telefono>
        <direccion>
          <calle>C/Piloto </calle>
          <ciudad>Getafe </ciudad>
          <codigo_postal>28111 </codigo_postal>
          <provincia>Madrid- </provincia>
        </direccion>
        <correo>Hectorcampus@gmail.es </correo>
        <fecha_inclusion>06-01-2021</fecha_inclusion>
        <detalle_pedido>
          <numero_pedido>16</numero_pedido>
          <fecha_compra>12-05-2021</fecha_compra>
          <fecha_entrega>14-05-2021</fecha_entrega>
          <factura></factura>
        </detalle_pedido>
        <productos>
          <producto>
            <nombre>Raton Inhalambrico Racer tx </nombre>
            <referencia>Castro Gomez</referencia>
            <unidades>1</unidades>
            <precio>69.99</precio>
          </producto>
        </productos>
      </pedido>
      <pedido>
        <nombre>Diana</nombre>
        <apellidos>Castro Gomez</apellidos>
        <telefono>666999999</telefono>
        <direccion>
          <calle>C/Postas</calle>
          <ciudad>Ciempozuelos</ciudad>
          <codigo_postal>28350</codigo_postal>
          <provincia>Madrid </provincia>
        </direccion>
        <correo>Dianacampus@gmail.es</correo>
        <fecha_inclusion>07-01-2021</fecha_inclusion>
        <detalle_pedido>
          <numero_pedido>17</numero_pedido>
          <fecha_compra>21-05-2021</fecha_compra>
          <fecha_entrega>22-01-2021</fecha_entrega>
          <factura>17</factura>
        </detalle_pedido>
        <productos>
          <producto>
            <nombre>Telefono Samsung S25</nombre>
            <referencia>TS025</referencia>
            <unidades>1</unidades>
            <precio>1745.99 Euros</precio>
          </producto>
        </productos>
      </pedido>
      <pedido>
        <nombre>Ivan</nombre>
        <apellidos>Melendez Turras</apellidos>
        <telefono>656141414</telefono>
        <direccion>
          <calle>C/Venecia</calle>
          <ciudad>Titulcia</ciudad>
          <codigo_postal>28021</codigo_postal>
          <provincia>Madrid</provincia>
        </direccion>
        <correo>Ivanturras@gmail.com</correo>
        <fecha_inclusion>03-05-2021</fecha_inclusion>
        <detalle_pedido>
          <numero_pedido>18</numero_pedido>
          <fecha_compra>03-06-2021</fecha_compra>
          <fecha_entrega>04-06-2021</fecha_entrega>
          <factura>18</factura>
        </detalle_pedido>
        <productos>
          <producto>
            <nombre>Mini pantalla LCD</nombre>
            <referencia>MP256</referencia>
            <unidades>2</unidades>
            <precio>140 Euros</precio>
          </producto>
        </productos>
      </pedido>
      <pedido>
        <nombre>Enrique</nombre>
        <apellidos>Sanchez Osorio</apellidos>
        <telefono>614147258</telefono>
        <direccion>
          <calle>C/Nambu</calle>
          <ciudad>Nambroca</ciudad>
          <codigo_postal>24889</codigo_postal>
          <provincia>Toledo</provincia>
        </direccion>
        <correo>Enriquejeje@gmail.com</correo>
        <fecha_inclusion>20-06-2021</fecha_inclusion>
        <detalle_pedido>
          <numero_pedido>19</numero_pedido>
          <fecha_compra>22-06-2021</fecha_compra>
          <fecha_entrega>24-06-2021</fecha_entrega>
          <factura>19</factura>
        </detalle_pedido>
        <productos>
          <producto>
            <nombre>Tlefono Motorola Z8</nombre>
            <referencia>TM456</referencia>
            <unidades>1</unidades>
            <precio>789.99 Euros</precio>
          </producto>
        </productos>
      </pedido>
      <pedido>
        <nombre>Patrica</nombre>
        <apellidos>Gijarro Sanchez</apellidos>
        <telefono>645000000</telefono>
        <direccion>
          <calle>C/Urbajarama</calle>
          <ciudad>Alcorcon</ciudad>
          <codigo_postal>28711</codigo_postal>
          <provincia>Madrid</provincia>
        </direccion>
        <correo>Patriciamala@gmail.com</correo>
        <fecha_inclusion>29-06-2021</fecha_inclusion>
        <detalle_pedido>
          <numero_pedido>20</numero_pedido>
          <fecha_compra>29-06-2021</fecha_compra>
          <fecha_entrega>30-06-2021</fecha_entrega>
          <factura>20</factura>
        </detalle_pedido>
        <productos>
          <producto>
            <nombre>Telefono Alcatel one</nombre>
            <referencia>TA555</referencia>
            <unidades>1</unidades>
            <precio>459.99 Euros</precio>
          </producto>
        </productos>
      </pedido>
      <pedido>
        <nombre>Jorge</nombre>
        <apellidos>Valderrama Gomez</apellidos>
        <telefono>663145145</telefono>
        <direccion>
          <calle>C/Olimpia</calle>
          <ciudad>Ciempozuelos</ciudad>
          <codigo_postal>28350</codigo_postal>
          <provincia>Madrid</provincia>
        </direccion>
        <correo>Jorgebest@gmail,com</correo>
        <fecha_inclusion>30-06-2021</fecha_inclusion>
        <detalle_pedido>
          <numero_pedido>21</numero_pedido>
          <fecha_compra>30-06-2021</fecha_compra>
          <fecha_entrega>31-06-2021</fecha_entrega>
          <factura>21</factura>
        </detalle_pedido>
        <productos>
          <producto>
            <nombre>Pantalla curva Samsung GF2000</nombre>
            <referencia>PS741</referencia>
            <unidades>1</unidades>
            <precio>1189.99 Euros</precio>
          </producto>
        </productos>
      </pedido>
    </trimestre>
    <trimestre trim="3">
      <pedido>
        <nombre>Carlos</nombre>
        <apellidos>De Alda Garcia</apellidos>
        <telefono>666666666</telefono>
        <direccion>
          <calle>C/Campus</calle>
          <ciuddad>Getafe</ciuddad>
          <codigo_postal>28123</codigo_postal>
          <provincia>Madrid</provincia>
        </direccion>
        <correo>CarlosCampus@gmail.com</correo>
        <fecha_inclusion>01-01-2021</fecha_inclusion>
        <detalle_pedido>
          <numero_pedido>22</numero_pedido>
          <fecha_compra>01-07-2021</fecha_compra>
          <fecha_entrega>03-07-2021</fecha_entrega>
          <factura>22</factura>
        </detalle_pedido>
        <productos>
          <producto>
            <nombre>Monitor Asus gsr2</nombre>
            <referencia>MA321</referencia>
            <unidades>1</unidades>
            <precio>1599.90 euros</precio>
          </producto>
        </productos>
      </pedido>
      <pedido>
        <nombre>Juan</nombre>
        <apellidos>Carvajal Pérez</apellidos>
        <telefono>636258258</telefono>
        <direccion>
          <calle>Av. España</calle>
          <ciudad>Ciempozuelos</ciudad>
          <codigo_postal>28350</codigo_postal>
          <provincia>Madrid</provincia>
        </direccion>
        <correo>juanhiji1985@hotmail.com</correo>
        <fecha_inclusion>02-07-2021</fecha_inclusion>
        <detalle_pedido>
          <numero_pedido>22</numero_pedido>
          <fecha_compra>02-07-2021</fecha_compra>
          <fecha_entrega>03-07-2021</fecha_entrega>
          <factura>22</factura>
        </detalle_pedido>
        <productos>
          <producto>
            <nombre>Tecaldo Corsair k-95</nombre>
            <referencia>TC095</referencia>
            <unidades>2</unidades>
            <precio>310.99 Euros</precio>
          </producto>
        </productos>
      </pedido>
      <pedido>
        <nombre>Sergio </nombre>
        <apellidos>García Boquerón</apellidos>
        <telefono>666111111</telefono>
        <direccion>
          <calle>C/Trucha </calle>
          <ciudad>Getafe </ciudad>
          <codigo_postal>28111</codigo_postal>
          <provincia>Madrid-  </provincia>
        </direccion>
        <correo>Sergiocampus@gmail.es </correo>
        <fecha_inclusion>04-01-2021</fecha_inclusion>
        <detalle_pedido>
          <numero_pedido>23</numero_pedido>
          <fecha_compra>05-07-2021</fecha_compra>
          <fecha_entrega>05-07-2021</fecha_entrega>
          <factura>23</factura>
        </detalle_pedido>
        <productos>
          <producto>
            <nombre>Tecaldo Rayzen White</nombre>
            <referencia>TR000</referencia>
            <unidades>1</unidades>
            <precio>69.99</precio>
          </producto>
        </productos>
      </pedido>
      <pedido>
        <nombre>Eduardo </nombre>
        <apellidos>Ellanas Márquez</apellidos>
        <telefono>666222222 </telefono>
        <direccion>
          <calle>C/Liado </calle>
          <ciudad>Griñon </ciudad>
          <codigo_postal>29567 </codigo_postal>
          <provincia>Toledo</provincia>
        </direccion>
        <correo>Eduardocampus@gmail.es </correo>
        <fecha_inclusion>05-01-2021</fecha_inclusion>
        <detalle_pedido>
          <numero_pedido>24</numero_pedido>
          <fecha_compra>11-07-2021</fecha_compra>
          <fecha_entrega>14-07-2021</fecha_entrega>
          <factura>24</factura>
        </detalle_pedido>
        <productos>
          <producto>
            <nombre>Tarjeta gráfica RTX4060 Super</nombre>
            <referencia>TG999</referencia>
            <unidades>1</unidades>
            <precio>999.99 Euros</precio>
          </producto>
        </productos>
      </pedido>
      <pedido>
        <nombre>Hector </nombre>
        <apellidos>Oliveti Cano</apellidos>
        <telefono>666333333 </telefono>
        <direccion>
          <calle>C/Piloto </calle>
          <ciudad>Getafe </ciudad>
          <codigo_postal>28111 </codigo_postal>
          <provincia>Madrid </provincia>
        </direccion>
        <correo>Hectorcampus@gmail.es </correo>
        <fecha_inclusion>06-01-2021</fecha_inclusion>
        <detalle_pedido>
          <numero_pedido>25</numero_pedido>
          <fecha_compra>17-07-2021</fecha_compra>
          <fecha_entrega>18-07-2021</fecha_entrega>
          <factura>25</factura>
        </detalle_pedido>
        <productos>
          <producto>
            <nombre>Placa base Asus RougStrix z100</nombre>
            <referencia>PA401</referencia>
            <unidades>1</unidades>
            <precio>156.99 Euros</precio>
          </producto>
        </productos>
      </pedido>
      <pedido>
        <nombre>Diana </nombre>
        <apellidos>Castro Gomez</apellidos>
        <telefono>666999999 </telefono>
        <direccion>
          <calle>C/Postas </calle>
          <ciudad>Ciempozuelos </ciudad>
          <codigo_postal>28350 </codigo_postal>
          <provincia>Madrid </provincia>
        </direccion>
        <correo>Dianacampus@gmail.es </correo>
        <fecha_inclusion>07-01-2021</fecha_inclusion>
        <detalle_pedido>
          <numero_pedido>26</numero_pedido>
          <fecha_compra>20-07-2021</fecha_compra>
          <fecha_entrega>22-07-2021</fecha_entrega>
          <factura>26</factura>
        </detalle_pedido>
        <productos>
          <producto>
            <nombre>Cascos Airpods pro2</nombre>
            <referencia>CA252</referencia>
            <unidades>2</unidades>
            <precio>440 Euros</precio>
          </producto>
        </productos>
      </pedido>
      <pedido>
        <nombre>Angel</nombre>
        <apellidos>Gaston Hernandez</apellidos>
        <telefono>666363636</telefono>
        <direccion>
          <calle>C/Sampdoria</calle>
          <ciudad>Ciempozuelos</ciudad>
          <codigo_postal>28350</codigo_postal>
          <provincia>Madrid</provincia>
        </direccion>
        <correo>Angelcarken001@gmail.com</correo>
        <fecha_inclusion>20-07-2021</fecha_inclusion>
        <detalle_pedido>
          <numero_pedido>27</numero_pedido>
          <fecha_compra>12-08-2021</fecha_compra>
          <fecha_entrega>16-08-2021</fecha_entrega>
          <factura>27</factura>
        </detalle_pedido>
        <productos>
          <producto>
            <nombre>Monitor Asus clenaxz</nombre>
            <referencia>MA554</referencia>
            <unidades>1</unidades>
            <precio>849.99 Euros</precio>
          </producto>
        </productos>
      </pedido>
      <pedido>
        <nombre>Henar</nombre>
        <apellidos>Vazquez Bout</apellidos>
        <telefono>646215478</telefono>
        <direccion>
          <calle>C/bombon</calle>
          <ciudad>Leganes</ciudad>
          <codigo_postal>28419</codigo_postal>
          <provincia>Madrid</provincia>
        </direccion>
        <correo>Henarzb@gmail.com</correo>
        <fecha_inclusion>01-08-2021</fecha_inclusion>
        <detalle_pedido>
          <numero_pedido>28</numero_pedido>
          <fecha_compra>03-08-2021</fecha_compra>
          <fecha_entrega>05-08-2021</fecha_entrega>
          <factura>28</factura>
        </detalle_pedido>
        <productos>
          <producto>
            <nombre>Telefono Iphone 12</nombre>
            <referencia>TI874</referencia>
            <unidades>1</unidades>
            <precio>999.99 Euros</precio>
          </producto>
        </productos>
      </pedido>
      <pedido>
        <nombre>Juan Jose</nombre>
        <apellidos>Bolt Cacho</apellidos>
        <telefono>616254789</telefono>
        <direccion>
          <calle>C/Avión</calle>
          <ciudad>Getafe </ciudad>
          <codigo_postal>28111 </codigo_postal>
          <provincia>Madrid</provincia>
        </direccion>
        <correo>Juanjoairbus233@gmail.com</correo>
        <fecha_inclusion>06-08-2021</fecha_inclusion>
        <detalle_pedido>
          <numero_pedido>29</numero_pedido>
          <fecha_compra>08-08-2021</fecha_compra>
          <fecha_entrega>09-08-2021</fecha_entrega>
          <factura>29</factura>
        </detalle_pedido>
        <productos>
          <producto>
            <nombre> Pantalla mini LED</nombre>
            <referencia>PL545</referencia>
            <unidades>2</unidades>
            <precio>149.99 Euros</precio>
          </producto>
        </productos>
      </pedido>
      <pedido>
        <nombre>Vcictoria</nombre>
        <apellidos>Sanchez Manquillo</apellidos>
        <telefono>666123055</telefono>
        <direccion>
          <calle>C/Buenavista</calle>
          <ciudad>Griñon</ciudad>
          <codigo_postal>28654</codigo_postal>
          <provincia>Madrid</provincia>
        </direccion>
        <correo>Victoriasecret@gmail.com</correo>
        <fecha_inclusion>10-08-2021</fecha_inclusion>
        <detalle_pedido>
          <numero_pedido>30</numero_pedido>
          <fecha_compra>11-08-2021</fecha_compra>
          <fecha_entrega>12-08-2021</fecha_entrega>
          <factura>30</factura>
        </detalle_pedido>
        <productos>
          <producto>
            <nombre>Teclado Asus Queen</nombre>
            <referencia>TA159</referencia>
            <unidades>1</unidades>
            <precio>178.99 Euros</precio>
          </producto>
        </productos>
      </pedido>
    </trimestre>
  </años>
  <años an="2022">
    <trimestre trim="1">
      <pedido>
        <nombre>Carlos</nombre>
        <apellidos>De Alda Garcia</apellidos>
        <telefono>666666666</telefono>
        <direccion>
          <calle>C/Campus</calle>
          <ciuddad>Getafe</ciuddad>
          <codigo_postal>28123</codigo_postal>
          <provincia>Madrid</provincia>
        </direccion>
        <correo>CarlosCampus@gmail.com</correo>
        <fecha_inclusion>01-01-2021</fecha_inclusion>
        <detalle_pedido>
          <numero_pedido>31</numero_pedido>
          <fecha_compra>01-01-2022</fecha_compra>
          <fecha_entrega>03-01-2022</fecha_entrega>
          <factura>31</factura>
        </detalle_pedido>
        <productos>
          <producto>
            <nombre>Telefono Iphone 10 pro max</nombre>
            <referencia>TI100</referencia>
            <unidades>1</unidades>
            <precio>750.99 Euros</precio>
          </producto>
        </productos>
      </pedido>
      <pedido>
        <nombre>Sergio </nombre>
        <apellidos>García Boquerón</apellidos>
        <telefono>666111111 </telefono>
        <direccion>
          <calle>C/Trucha </calle>
          <ciudad>Getafe </ciudad>
          <codigo_postal>28111 </codigo_postal>
          <provincia>Madrid</provincia>
        </direccion>
        <correo>Sergiocampus@gmail.es </correo>
        <fecha_inclusion>04-01-2021</fecha_inclusion>
        <detalle_pedido>
          <numero_pedido>32</numero_pedido>
          <fecha_compra>15-01-2021</fecha_compra>
          <fecha_entrega>16-01-2021</fecha_entrega>
          <factura>32</factura>
        </detalle_pedido>
        <productos>
          <producto>
            <nombre>Altavoces Logitech z55</nombre>
            <referencia>AL123</referencia>
            <unidades>2</unidades>
            <precio>167.58</precio>
          </producto>
        </productos>
      </pedido>
      <pedido>
        <nombre>Eduardo </nombre>
        <apellidos>Ellanas Márquez</apellidos>
        <telefono>666222222 </telefono>
        <direccion>
          <calle>C/Liado </calle>
          <ciudad>Griñon </ciudad>
          <codigo_postal>29567 </codigo_postal>
          <provincia>Toledo </provincia>
        </direccion>
        <correo>Eduardocampus@gmail.es </correo>
        <fecha_inclusion>05-01-2021</fecha_inclusion>
        <detalle_pedido>
          <numero_pedido>33</numero_pedido>
          <fecha_compra>21-01-2022</fecha_compra>
          <fecha_entrega>22-01-2022</fecha_entrega>
          <factura>33</factura>
        </detalle_pedido>
        <productos>
          <producto>
            <nombre>Tecaldo Logillex Venon</nombre>
            <referencia>TL</referencia>
            <unidades>1</unidades>
            <precio>146.99 Euros</precio>
          </producto>
        </productos>
      </pedido>
      <pedido>
        <nombre>Hector </nombre>
        <apellidos>Oliveti Cano</apellidos>
        <telefono>666333333 </telefono>
        <direccion>
          <calle>C/Piloto </calle>
          <ciudad>Getafe </ciudad>
          <codigo_postal>28111 </codigo_postal>
          <provincia>Madrid </provincia>
        </direccion>
        <correo>Hectorcampus@gmail.es </correo>
        <fecha_inclusion>06-01-2021</fecha_inclusion>
        <detalle_pedido>
          <numero_pedido>34</numero_pedido>
          <fecha_compra>30-01-2022</fecha_compra>
          <fecha_entrega>01-02-2022</fecha_entrega>
          <factura>34</factura>
        </detalle_pedido>
        <productos>
          <producto>
            <nombre>TV Samsung F12 </nombre>
            <referencia>TV012</referencia>
            <unidades>1</unidades>
            <precio>2459.99 Euros</precio>
          </producto>
        </productos>
      </pedido>
      <pedido>
        <nombre>David</nombre>
        <apellidos>Alcaraz Romeo</apellidos>
        <telefono>696969696</telefono>
        <direccion>
          <calle>C/Eficiente</calle>
          <ciudad>Getafe </ciudad>
          <codigo_postal>28111 </codigo_postal>
          <provincia>Madrid </provincia>
        </direccion>
        <correo>davidone@gmail.com</correo>
        <fecha_inclusion></fecha_inclusion>
        <detalle_pedido>
          <numero_pedido>35</numero_pedido>
          <fecha_compra>06-02-2022</fecha_compra>
          <fecha_entrega>06-02-2022</fecha_entrega>
          <factura>35</factura>
        </detalle_pedido>
        <productos>
          <producto>
            <nombre>TV Sony Python</nombre>
            <referencia>TV123</referencia>
            <unidades>1</unidades>
            <precio>1899.99 Euros</precio>
          </producto>
        </productos>
      </pedido>
      <pedido>
        <nombre>Sara</nombre>
        <apellidos>Socas Marcos</apellidos>
        <telefono>646123456</telefono>
        <direccion>
          <calle>C/Beboy</calle>
          <ciudad>Bacelona</ciudad>
          <codigo_postal>20123</codigo_postal>
          <provincia>Barcelona</provincia>
        </direccion>
        <correo>Ssaarraa@gmail.com</correo>
        <fecha_inclusion>10-02-2022</fecha_inclusion>
        <detalle_pedido>
          <numero_pedido>36</numero_pedido>
          <fecha_compra>11-02-2022</fecha_compra>
          <fecha_entrega>13-02-2022</fecha_entrega>
          <factura>36</factura>
        </detalle_pedido>
        <productos>
          <producto>
            <nombre>Tecaldo inhalambrico Corsair rw255</nombre>
            <referencia>TC584</referencia>
            <unidades>1</unidades>
            <precio>178.50 Euros</precio>
          </producto>
        </productos>
      </pedido>
      <pedido>
        <nombre>Victor</nombre>
        <apellidos>Heredia Gomez</apellidos>
        <telefono>613000111</telefono>
        <direccion>
          <calle>C/Blasco Gutierrez</calle>
          <ciudad>Castellon</ciudad>
          <codigo_postal>24365</codigo_postal>
          <provincia>Valencia</provincia>
        </direccion>
        <correo>Victttooor@gmail.com</correo>
        <fecha_inclusion>15-02-2022</fecha_inclusion>
        <detalle_pedido>
          <numero_pedido>37</numero_pedido>
          <fecha_compra>16-02-2022</fecha_compra>
          <fecha_entrega>17-02-2022</fecha_entrega>
          <factura>37</factura>
        </detalle_pedido>
        <productos>
          <producto>
            <nombre>Pantalla Apple max</nombre>
            <referencia>PA485</referencia>
            <unidades>1</unidades>
            <precio>1569.99 Euros</precio>
          </producto>
        </productos>
      </pedido>
      <pedido>
        <nombre>Adrian</nombre>
        <apellidos>Luna Fernandez</apellidos>
        <telefono>606885522</telefono>
        <direccion>
          <calle>C/Apex</calle>
          <ciudad>Ribadesella</ciudad>
          <codigo_postal>24159</codigo_postal>
          <provincia>Asturias</provincia>
        </direccion>
        <correo>Tanaluna@gmail.com</correo>
        <fecha_inclusion>25-02-2022</fecha_inclusion>
        <detalle_pedido>
          <numero_pedido>38</numero_pedido>
          <fecha_compra>26-02-2022</fecha_compra>
          <fecha_entrega>27-02-2022</fecha_entrega>
          <factura>38</factura>
        </detalle_pedido>
        <productos>
          <producto>
            <nombre>Alfombrilla urus XXL</nombre>
            <referencia>AU195</referencia>
            <unidades>1</unidades>
            <precio>24.95 Euros</precio>
          </producto>
        </productos>
      </pedido>
      <pedido>
        <nombre>Endika</nombre>
        <apellidos>Lil Canary</apellidos>
        <telefono>696111222</telefono>
        <direccion>
          <calle>C/Fifuki</calle>
          <ciudad>Costa Calma</ciudad>
          <codigo_postal>22222</codigo_postal>
          <provincia>Fuerteventura</provincia>
        </direccion>
        <correo>Endikamvpfarmer@gmail.com</correo>
        <fecha_inclusion>12-03-2022</fecha_inclusion>
        <detalle_pedido>
          <numero_pedido>39</numero_pedido>
          <fecha_compra>15-03-2022</fecha_compra>
          <fecha_entrega>16-03-2022</fecha_entrega>
          <factura>39</factura>
        </detalle_pedido>
        <productos>
          <producto>
            <nombre>Mando Ps5 Militar</nombre>
            <referencia>MP122</referencia>
            <unidades>1</unidades>
            <precio>69.99 Euros</precio>
          </producto>
        </productos>
      </pedido>
      <pedido>
        <nombre>Daniel</nombre>
        <apellidos>Escribano Targarian</apellidos>
        <telefono>626548520</telefono>
        <direccion>
          <calle>Av. Los toreros</calle>
          <ciudad>Lloret de mar</ciudad>
          <codigo_postal>24555</codigo_postal>
          <provincia>Barcelona</provincia>
        </direccion>
        <correo>Escribaneti@gmail.com</correo>
        <fecha_inclusion>20-03-2022</fecha_inclusion>
        <detalle_pedido>
          <numero_pedido>40</numero_pedido>
          <fecha_compra>21-03-2022</fecha_compra>
          <fecha_entrega>22-03-2022</fecha_entrega>
          <factura>40</factura>
        </detalle_pedido>
        <productos>
          <producto>
            <nombre>TV Sony premiun xc</nombre>
            <referencia>TV777</referencia>
            <unidades>1</unidades>
            <precio>3750.99 Euros</precio>
          </producto>
        </productos>
      </pedido>
    </trimestre>
    <trimestre trim="2">
      <pedido>
        <nombre>Carlos</nombre>
        <apellidos>De Alda Garcia</apellidos>
        <telefono>666666666</telefono>
        <direccion>
          <calle>C/Campus</calle>
          <ciuddad>Getafe</ciuddad>
          <codigo_postal>28123</codigo_postal>
          <provincia>Madrid</provincia>
        </direccion>
        <correo>CarlosCampus@gmail.com</correo>
        <fecha_inclusion>01-01-2021</fecha_inclusion>
        <detalle_pedido>
          <numero_pedido>41</numero_pedido>
          <fecha_compra>02-04-2022</fecha_compra>
          <fecha_entrega>02-04-2022</fecha_entrega>
          <factura>41</factura>
        </detalle_pedido>
        <productos>
          <producto>
            <nombre>Telefono Iphne 13 Pro Max</nombre>
            <referencia>TI253</referencia>
            <unidades>1</unidades>
            <precio>1299.99 Euros</precio>
          </producto>
        </productos>
      </pedido>
      <pedido>
        <nombre>Sergio </nombre>
        <apellidos>García Boquerón</apellidos>
        <telefono>666111111 </telefono>
        <direccion>
          <calle>C/Trucha </calle>
          <ciudad>Getafe </ciudad>
          <codigo_postal>28111 </codigo_postal>
          <provincia>Madrid</provincia>
        </direccion>
        <correo>Sergiocampus@gmail.es </correo>
        <fecha_inclusion>04-01-2022</fecha_inclusion>
        <detalle_pedido>
          <numero_pedido>42</numero_pedido>
          <fecha_compra>06-04-2022</fecha_compra>
          <fecha_entrega>06-04-2022</fecha_entrega>
          <factura>42</factura>
        </detalle_pedido>
        <productos>
          <producto>
            <nombre>Cable Usb C</nombre>
            <referencia>CU147</referencia>
            <unidades>2</unidades>
            <precio>19.99 Euros</precio>
          </producto>
        </productos>
      </pedido>
      <pedido>
        <nombre>Eduardo </nombre>
        <apellidos>Ellanas Márquez</apellidos>
        <telefono>666222222 </telefono>
        <direccion>
          <calle>C/Liado </calle>
          <ciudad>Griñon </ciudad>
          <codigo_postal>29567 </codigo_postal>
          <provincia>Toledo </provincia>
        </direccion>
        <correo>Eduardocampus@gmail.es </correo>
        <fecha_inclusion>05-01-2021</fecha_inclusion>
        <detalle_pedido>
          <numero_pedido>43</numero_pedido>
          <fecha_compra>11-04-2022</fecha_compra>
          <fecha_entrega>14-04-2022</fecha_entrega>
          <factura>43</factura>
        </detalle_pedido>
        <productos>
          <producto>
            <nombre>Soporte ps5 black</nombre>
            <referencia>SP885</referencia>
            <unidades>1</unidades>
            <precio>49.99 Euros</precio>
          </producto>
        </productos>
      </pedido>
      <pedido>
        <nombre>Hector </nombre>
        <apellidos>Oliveti Cano</apellidos>
        <telefono>666333333 </telefono>
        <direccion>
          <calle>C/Piloto </calle>
          <ciudad>Getafe </ciudad>
          <codigo_postal>28111 </codigo_postal>
          <provincia>Madrid </provincia>
        </direccion>
        <correo>Hectorcampus@gmail.es </correo>
        <fecha_inclusion>06-01-2021</fecha_inclusion>
        <detalle_pedido>
          <numero_pedido>44</numero_pedido>
          <fecha_compra>15-04-2022</fecha_compra>
          <fecha_entrega>16-04-2022</fecha_entrega>
          <factura>44</factura>
        </detalle_pedido>
        <productos>
          <producto>
            <nombre>Volante Logitech g29 </nombre>
            <referencia>VL032</referencia>
            <unidades>1</unidades>
            <precio>449.99 Euros</precio>
          </producto>
        </productos>
      </pedido>
      <pedido>
        <nombre>Diana </nombre>
        <apellidos>Castro Gomez</apellidos>
        <telefono>666999999 </telefono>
        <direccion>
          <calle>C/Postas </calle>
          <ciudad>Ciempozuelos </ciudad>
          <codigo_postal>28350 </codigo_postal>
          <provincia>Madrid </provincia>
        </direccion>
        <correo>Dianacampus@gmail.es </correo>
        <fecha_inclusion>07-01-2021</fecha_inclusion>
        <detalle_pedido>
          <numero_pedido>45</numero_pedido>
          <fecha_compra>20-04-2022</fecha_compra>
          <fecha_entrega>22-04-2022</fecha_entrega>
          <factura>45</factura>
        </detalle_pedido>
        <productos>
          <producto>
            <nombre>Telefono Iphone 12mini</nombre>
            <referencia>TI445</referencia>
            <unidades>1</unidades>
            <precio>1119.99 Euros</precio>
          </producto>
        </productos>
      </pedido>
      <pedido>
        <nombre>Pepita</nombre>
        <apellidos>Flrorez rojas</apellidos>
        <telefono>601258147</telefono>
        <direccion>
          <calle>C/Ampoila</calle>
          <ciudad>Peñiscola</ciudad>
          <codigo_postal>23498</codigo_postal>
          <provincia>Castellón</provincia>
        </direccion>
        <correo></correo>
        <fecha_inclusion>23-04-2022</fecha_inclusion>
        <detalle_pedido>
          <numero_pedido>46</numero_pedido>
          <fecha_compra>23-04-2022</fecha_compra>
          <fecha_entrega>24-04-2022</fecha_entrega>
          <factura>46</factura>
        </detalle_pedido>
        <productos>
          <producto>
            <nombre>TV Whitte fox</nombre>
            <referencia>TV987</referencia>
            <unidades>1</unidades>
            <precio>499.99 Euros</precio>
          </producto>
        </productos>
      </pedido>
      <pedido>
        <nombre>Orlando</nombre>
        <apellidos>Blunt Brown</apellidos>
        <telefono>646520033</telefono>
        <direccion>
          <calle>C/Tabaibas</calle>
          <ciudad>Conil de la frontera</ciudad>
          <codigo_postal>22789</codigo_postal>
          <provincia>Cadiz</provincia>
        </direccion>
        <correo>Orlandofalcon@gmail.com</correo>
        <fecha_inclusion>01-05-2022</fecha_inclusion>
        <detalle_pedido>
          <numero_pedido>47</numero_pedido>
          <fecha_compra>01-05-2022</fecha_compra>
          <fecha_entrega>02-05-2022</fecha_entrega>
          <factura>47</factura>
        </detalle_pedido>
        <productos>
          <producto>
            <nombre>TV Fury Nexux</nombre>
            <referencia>TV094</referencia>
            <unidades>1</unidades>
            <precio>784.99 Euros</precio>
          </producto>
        </productos>
      </pedido>
      <pedido>
        <nombre>Carlos</nombre>
        <apellidos>Casillas Trujillo</apellidos>
        <telefono>655221144</telefono>
        <direccion>
          <calle>C/Costa Rica</calle>
          <ciudad>Granada</ciudad>
          <codigo_postal>29744</codigo_postal>
          <provincia>Granda</provincia>
        </direccion>
        <correo>Carloseltruji@gmail.com</correo>
        <fecha_inclusion>05-05-2022</fecha_inclusion>
        <detalle_pedido>
          <numero_pedido>48</numero_pedido>
          <fecha_compra>05-05-2022</fecha_compra>
          <fecha_entrega>06-05-2022</fecha_entrega>
          <factura>48</factura>
        </detalle_pedido>
        <productos>
          <producto>
            <nombre>Refrigeracion liquida Corsair Blue</nombre>
            <referencia>RL475</referencia>
            <unidades>1</unidades>
            <precio>128.99 Euros</precio>
          </producto>
        </productos>
      </pedido>
      <pedido>
        <nombre>Veronica</nombre>
        <apellidos>Leal Garrido</apellidos>
        <telefono>601478996</telefono>
        <direccion>
          <calle>C/Turron</calle>
          <ciudad>Llanes</ciudad>
          <codigo_postal>112233</codigo_postal>
          <provincia>Santander</provincia>
        </direccion>
        <correo>Veronicafozz@gmail.com</correo>
        <fecha_inclusion>10-05-2022</fecha_inclusion>
        <detalle_pedido>
          <numero_pedido>49</numero_pedido>
          <fecha_compra>11-05-2022</fecha_compra>
          <fecha_entrega>12-05-2022</fecha_entrega>
          <factura>49</factura>
        </detalle_pedido>
        <productos>
          <producto>
            <nombre>Alfrombiilla Recon xxl</nombre>
            <referencia>AR</referencia>
            <unidades>1</unidades>
            <precio>29.99 Euros</precio>
          </producto>
        </productos>
      </pedido>
      <pedido>
        <nombre>Nicolas</nombre>
        <apellidos>Salgado Perez</apellidos>
        <telefono>666333999</telefono>
        <direccion>
          <calle>C/Nitro</calle>
          <ciudad>Benidorm</ciudad>
          <codigo_postal>216547</codigo_postal>
          <provincia>Alicante</provincia>
        </direccion>
        <correo>Nicoelpoderoso@gmail.com</correo>
        <fecha_inclusion>25-05-2022</fecha_inclusion>
        <detalle_pedido>
          <numero_pedido>50</numero_pedido>
          <fecha_compra>30-05-2022</fecha_compra>
          <fecha_entrega>01-06-2022</fecha_entrega>
          <factura>50</factura>
        </detalle_pedido>
        <productos>
          <producto>
            <nombre>Altavoces Asus vc</nombre>
            <referencia>AA524</referencia>
            <unidades>1</unidades>
            <precio>79.99 Euros</precio>
          </producto>
        </productos>
      </pedido>
    </trimestre>
    <trimestre trim="3">
      <pedido>
        <nombre>Carlos</nombre>
        <apellidos>De Alda Garcia</apellidos>
        <telefono>666666666</telefono>
        <direccion>
          <calle>C/Campus</calle>
          <ciuddad>Getafe</ciuddad>
          <codigo_postal>28123</codigo_postal>
          <provincia>Madrid</provincia>
        </direccion>
        <correo>CarlosCampus@gmail.com</correo>
        <fecha_inclusion>01-01-2021</fecha_inclusion>
        <detalle_pedido>
          <numero_pedido>51</numero_pedido>
          <fecha_compra>12-06-2022</fecha_compra>
          <fecha_entrega>14-06-2022</fecha_entrega>
          <factura>51</factura>
        </detalle_pedido>
        <productos>
          <producto>
            <nombre>Ventiladores Corsair ty22</nombre>
            <referencia>VC456</referencia>
            <unidades>10</unidades>
            <precio>330 Euros</precio>
          </producto>
        </productos>
      </pedido>
      <pedido>
        <nombre>Sergio </nombre>
        <apellidos>García Boquerón</apellidos>
        <telefono>666111111 </telefono>
        <direccion>
          <calle>C/Trucha </calle>
          <ciudad>Getafe </ciudad>
          <codigo_postal>28111 </codigo_postal>
          <provincia>Madrid</provincia>
        </direccion>
        <correo>Sergiocampus@gmail.es </correo>
        <fecha_inclusion>04-01-2021</fecha_inclusion>
        <detalle_pedido>
          <numero_pedido>52</numero_pedido>
          <fecha_compra>21-06-2022</fecha_compra>
          <fecha_entrega>22-06-2022</fecha_entrega>
          <factura>52</factura>
        </detalle_pedido>
        <productos>
          <producto>
            <nombre>Cascos Airpods proxs </nombre>
            <referencia>CA</referencia>
            <unidades>1</unidades>
            <precio>220.99 Euros</precio>
          </producto>
        </productos>
      </pedido>
      <pedido>
        <nombre>Eduardo </nombre>
        <apellidos>Ellanas Márquez</apellidos>
        <telefono>666222222 </telefono>
        <direccion>
          <calle>C/Liado </calle>
          <ciudad>Griñon </ciudad>
          <codigo_postal>29567 </codigo_postal>
          <provincia>Toledo </provincia>
        </direccion>
        <correo>Eduardocampus@gmail.es </correo>
        <fecha_inclusion>05-01-2021</fecha_inclusion>
        <detalle_pedido>
          <numero_pedido>53</numero_pedido>
          <fecha_compra>28-06-2022</fecha_compra>
          <fecha_entrega>29-06-2022</fecha_entrega>
          <factura>53</factura>
        </detalle_pedido>
        <productos>
          <producto>
            <nombre>Consola ps5 pro</nombre>
            <referencia>CP528</referencia>
            <unidades>1</unidades>
            <precio>599.99 Euros</precio>
          </producto>
        </productos>
      </pedido>
      <pedido>
        <nombre>Hector</nombre>
        <apellidos>Oliveti Cano</apellidos>
        <telefono>666333333</telefono>
        <direccion>
          <calle>C/Piloto </calle>
          <ciudad>Getafe </ciudad>
          <codigo_postal>28111 </codigo_postal>
          <provincia>Madrid </provincia>
        </direccion>
        <correo>Hectorcampus@gmail.es </correo>
        <fecha_inclusion>06-01-2021</fecha_inclusion>
        <detalle_pedido>
          <numero_pedido>54</numero_pedido>
          <fecha_compra>03-07-2022</fecha_compra>
          <fecha_entrega>05-07-2022</fecha_entrega>
          <factura>54</factura>
        </detalle_pedido>
        <productos>
          <producto>
            <nombre>Pantalla Sony trx Curve</nombre>
            <referencia>PS735</referencia>
            <unidades>1</unidades>
            <precio>1645.99 Euros</precio>
          </producto>
        </productos>
      </pedido>
      <pedido>
        <nombre>Jorge</nombre>
        <apellidos>Capelo Seislices</apellidos>
        <telefono>603147258</telefono>
        <direccion>
          <calle>C/Rencor</calle>
          <ciudad>Torrembarra</ciudad>
          <codigo_postal>20969</codigo_postal>
          <provincia>Barcelona</provincia>
        </direccion>
        <correo>Jorgeone@gmail.com</correo>
        <fecha_inclusion>10-07-2022</fecha_inclusion>
        <detalle_pedido>
          <numero_pedido>55</numero_pedido>
          <fecha_compra>10-07-2022</fecha_compra>
          <fecha_entrega>11-07-2022</fecha_entrega>
          <factura>55</factura>
        </detalle_pedido>
        <productos>
          <producto>
            <nombre>Telefono Sony ss</nombre>
            <referencia>TS400</referencia>
            <unidades>1</unidades>
            <precio>699.99 Euros</precio>
          </producto>
        </productos>
      </pedido>
      <pedido>
        <nombre>Susana</nombre>
        <apellidos>Bonita Vela</apellidos>
        <telefono>698741222</telefono>
        <direccion>
          <calle>C/Angustia</calle>
          <ciudad>Valdemortaja</ciudad>
          <codigo_postal>21456</codigo_postal>
          <provincia>Merida</provincia>
        </direccion>
        <correo>Susanaghost@gmail.com</correo>
        <fecha_inclusion>15-07-2022</fecha_inclusion>
        <detalle_pedido>
          <numero_pedido>56</numero_pedido>
          <fecha_compra>17-07-2022</fecha_compra>
          <fecha_entrega>19-07-2022</fecha_entrega>
          <factura>56</factura>
        </detalle_pedido>
        <productos>
          <producto>
            <nombre>Tv Sony Ultra white lk</nombre>
            <referencia>TS747</referencia>
            <unidades>1</unidades>
            <precio>575.99 Euros</precio>
          </producto>
        </productos>
      </pedido>
      <pedido>
        <nombre>Andrea</nombre>
        <apellidos>Urbanos Mercher</apellidos>
        <telefono>656212325</telefono>
        <direccion>
          <calle>C/Locura</calle>
          <ciudad>Villasequilla</ciudad>
          <codigo_postal>20097</codigo_postal>
          <provincia>Teruel</provincia>
        </direccion>
        <correo>Andrenalina@gmail.com</correo>
        <fecha_inclusion>15-08-2022</fecha_inclusion>
        <detalle_pedido>
          <numero_pedido>57</numero_pedido>
          <fecha_compra>16-08-2022</fecha_compra>
          <fecha_entrega>17-08-2022</fecha_entrega>
          <factura>57</factura>
        </detalle_pedido>
        <productos>
          <producto>
            <nombre>Telefono Sony Rival1</nombre>
            <referencia>1</referencia>
            <unidades>TS410</unidades>
            <precio>799.99 Euros</precio>
          </producto>
        </productos>
      </pedido>
      <pedido>
        <nombre>Carlota</nombre>
        <apellidos>Brava Moruna</apellidos>
        <telefono>644121212</telefono>
        <direccion>
          <calle>C/Buonanote</calle>
          <ciudad>Lorenzilla</ciudad>
          <codigo_postal>23025</codigo_postal>
          <provincia>Pontevedra</provincia>
        </direccion>
        <correo>carlotabest@gmail.com</correo>
        <fecha_inclusion>02-09-2022</fecha_inclusion>
        <detalle_pedido>
          <numero_pedido>58</numero_pedido>
          <fecha_compra>03-09-2022</fecha_compra>
          <fecha_entrega>04-09-2022</fecha_entrega>
          <factura>58</factura>
        </detalle_pedido>
        <productos>
          <producto>
            <nombre>Consola XBOX lit</nombre>
            <referencia>CX012</referencia>
            <unidades>1</unidades>
            <precio>399.99 Euros</precio>
          </producto>
        </productos>
      </pedido>
      <pedido>
        <nombre>Monica</nombre>
        <apellidos>Valenciano Rico</apellidos>
        <telefono>645123321</telefono>
        <direccion>
          <calle>C/Palomero</calle>
          <ciudad>Ciempozuelos</ciudad>
          <codigo_postal>28350</codigo_postal>
          <provincia>Madrid</provincia>
        </direccion>
        <correo>MonicaRico@gmail.com</correo>
        <fecha_inclusion>12-09-2022</fecha_inclusion>
        <detalle_pedido>
          <numero_pedido>59</numero_pedido>
          <fecha_compra>12-09-2022</fecha_compra>
          <fecha_entrega>13-09-2022</fecha_entrega>
          <factura>59</factura>
        </detalle_pedido>
        <productos>
          <producto>
            <nombre>Cascos Corsair H60</nombre>
            <referencia>CC001</referencia>
            <unidades>1</unidades>
            <precio>69.99 Euros</precio>
          </producto>
        </productos>
      </pedido>
      <pedido>
        <nombre>Laura</nombre>
        <apellidos>Valdemoro Trigo</apellidos>
        <telefono>626999888</telefono>
        <direccion>
          <calle>C/San Juan de Dios</calle>
          <ciudad>Pocarlose</ciudad>
          <codigo_postal>21369</codigo_postal>
          <provincia>Málaga</provincia>
        </direccion>
        <correo>Lauragirleee@gmail.com</correo>
        <fecha_inclusion>16-09-2022</fecha_inclusion>
        <detalle_pedido>
          <numero_pedido>60</numero_pedido>
          <fecha_compra>16-09-2022</fecha_compra>
          <fecha_entrega>17-09-2022</fecha_entrega>
          <factura>60</factura>
        </detalle_pedido>
        <productos>
          <producto>
            <nombre>Cascos Racer tytan</nombre>
            <referencia>CR457</referencia>
            <unidades>1</unidades>
            <precio>89.99 Euros</precio>
          </producto>
        </productos>
      </pedido>
    </trimestre>
  </años>
</pedidos>


